preface,PREFACE,00_preface
chapter,Chapter I,01_chapter
chapter,CHAPTER II,02_chapter
chapter,CHAPTER III,03_chapter
chapter,CHAPTER IV,04_chapter
chapter,CHAPTER V,05_chapter
chapter,CHAPTER VI,06_chapter
chapter,CHAPTER VII,07_chapter
chapter,CHAPTER VIII,08_chapter
chapter,CHAPTER IX,09_chapter
chapter,CHAPTER X,10_chapter
chapter,CHAPTER XI,11_chapter
chapter,CHAPTER XII,12_chapter
chapter,CHAPTER XIII,13_chapter
chapter,CHAPTER XIV,14_chapter
chapter,CHAPTER XV,15_chapter
chapter,CHAPTER XVI,16_chapter
chapter,CHAPTER XVII,17_chapter
chapter,CHAPTER XVIII,18_chapter
chapter,CHAPTER XIX,19_chapter
chapter,CHAPTER XX,20_chapter
chapter,CHAPTER XXI,21_chapter
chapter,CHAPTER XXII,22_chapter
chapter,CHAPTER XXIII,23_chapter
chapter,CHAPTER XXIV,24_chapter
chapter,CHAPTER XXV,25_chapter
chapter,CHAPTER XXVI,26_chapter
chapter,CHAPTER XXVII,27_chapter
chapter,CHAPTER XXVIII,28_chapter
chapter,CHAPTER XXIX,29_chapter
chapter,CHAPTER XXX,30_chapter
chapter,CHAPTER XXXI,31_chapter
chapter,CHAPTER XXXII,32_chapter
chapter,CHAPTER XXXIII,33_chapter
chapter,CHAPTER XXXIV,34_chapter
chapter,CHAPTER XXXV,35_chapter
chapter,CHAPTER XXXVI,36_chapter
chapter,CHAPTER XXXVII,37_chapter
chapter,CHAPTER XXXVIII,38_chapter
chapter,CHAPTER XXXIX,39_chapter
chapter,CHAPTER XL,40_chapter
chapter,CHAPTER XLI,41_chapter
chapter,CHAPTER XLII,42_chapter
chapter,CHAPTER XLIII,43_chapter
chapter,CHAPTER XLIV,44_chapter
chapter,CHAPTER XLV,45_chapter
chapter,CHAPTER XLVI,46_chapter
chapter,CHAPTER XLVII,47_chapter
chapter,CHAPTER XLVIII,48_chapter
chapter,CHAPTER XLIX,49_chapter
chapter,CHAPTER L,50_chapter
chapter,CHAPTER LI,51_chapter
chapter,CHAPTER LII,52_chapter
chapter,CHAPTER LIII,53_chapter
chapter,CHAPTER LIV,54_chapter
chapter,CHAPTER LV,55_chapter
chapter,CHAPTER LVI,56_chapter
chapter,CHAPTER LVII,57_chapter
chapter,CHAPTER LVIII,58_chapter
chapter,CHAPTER LIX,59_chapter
chapter,CHAPTER LX,60_chapter
chapter,CHAPTER LXI,61_chapter
